<?xml version="1.0" encoding="UTF-8"?>
<project-private xmlns="http://www.netbeans.org/ns/project-private/1">
    <editor-bookmarks xmlns="http://www.netbeans.org/ns/editor-bookmarks/2" lastBookmarkId="0"/>
    <open-files xmlns="http://www.netbeans.org/ns/projectui-open-files/2">
        <group>
            <file>file:/home/crisley/NetBeansProjects/SD/Server_RPGv0.5%20-%20bugs%20corrigidos/Server_RPGv0.3/src/jogo/Jogo.java</file>
            <file>file:/home/crisley/NetBeansProjects/SD/Server_RPGv0.5%20-%20bugs%20corrigidos/Server_RPGv0.3/src/server/Server.java</file>
            <file>file:/home/crisley/NetBeansProjects/SD/Server_RPGv0.5%20-%20bugs%20corrigidos/Server_RPGv0.3/src/server/TrataConexao.java</file>
        </group>
    </open-files>
</project-private>
